bdr,date,mjp_date,note,volume,number,partnumber,mjp_url,pdf_url,rights,filename
bdr:507789,1910-11,1910-11,,vol. 01,no. 001,"Vol. 1, No. 1",https://modjourn.org/issue/bdr507789/,https://repository.library.brown.edu/storage/bdr:951425/PDF/,No Copyright - United States,crisis_1910-11-01.pdf
bdr:507810,1910-12,1910-12,,vol. 01,no. 002,"Vol. 1, No. 2",https://modjourn.org/issue/bdr507810/,https://repository.library.brown.edu/storage/bdr:951581/PDF/,No Copyright - United States,crisis_1910-12-01.pdf
bdr:507847,1911-01,1911-01,,vol. 01,no. 003,"Vol. 1, No. 3",https://modjourn.org/issue/bdr507847/,https://repository.library.brown.edu/storage/bdr:951743/PDF/,No Copyright - United States,crisis_1911-01-01.pdf
bdr:507884,1911-02,1911-02,,vol. 01,no. 004,"Vol. 1, No. 4",https://modjourn.org/issue/bdr507884/,https://repository.library.brown.edu/storage/bdr:951723/PDF/,No Copyright - United States,crisis_1911-02-01.pdf
bdr:507921,1911-03,1911-03,,vol. 01,no. 005,"Vol. 1, No. 5",https://modjourn.org/issue/bdr507921/,https://repository.library.brown.edu/storage/bdr:951755/PDF/,No Copyright - United States,crisis_1911-03-01.pdf
bdr:507958,1911-04,1911-04,,vol. 01,no. 006,"Vol. 1, No. 6",https://modjourn.org/issue/bdr507958/,https://repository.library.brown.edu/storage/bdr:951580/PDF/,No Copyright - United States,crisis_1911-04-01.pdf
bdr:522127,1911-05,1911-05,,vol. 02,no. 001,"Vol. 2, No. 1",https://modjourn.org/issue/bdr522127/,https://repository.library.brown.edu/storage/bdr:951905/PDF/,No Copyright - United States,crisis_1911-05-01.pdf
bdr:522172,1911-06,1912-06,"MJP dates Vol. 2, No. 2 as 1912-06; it is June 1911",vol. 02,no. 002,"Vol. 2, No. 2",https://modjourn.org/issue/bdr522172/,https://repository.library.brown.edu/storage/bdr:951279/PDF/,No Copyright - United States,crisis_1911-06-01.pdf
bdr:522217,1911-07,1911-07,,vol. 02,no. 003,"Vol. 2, No. 3",https://modjourn.org/issue/bdr522217/,https://repository.library.brown.edu/storage/bdr:951750/PDF/,No Copyright - United States,crisis_1911-07-01.pdf
bdr:522262,1911-08,1911-08,,vol. 02,no. 004,"Vol. 2, No. 4",https://modjourn.org/issue/bdr522262/,https://repository.library.brown.edu/storage/bdr:951632/PDF/,No Copyright - United States,crisis_1911-08-01.pdf
bdr:522307,1911-09,1911-09,,vol. 02,no. 005,"Vol. 2, No. 5",https://modjourn.org/issue/bdr522307/,https://repository.library.brown.edu/storage/bdr:951880/PDF/,No Copyright - United States,crisis_1911-09-01.pdf
bdr:522352,1911-10,1911-10,,vol. 02,no. 006,"Vol. 2, No. 6",https://modjourn.org/issue/bdr522352/,https://repository.library.brown.edu/storage/bdr:951819/PDF/,No Copyright - United States,crisis_1911-10-01.pdf
bdr:521849,1911-11,1911-11,,vol. 03,no. 001,"Vol. 3, No. 1",https://modjourn.org/issue/bdr521849/,https://repository.library.brown.edu/storage/bdr:951767/PDF/,No Copyright - United States,crisis_1911-11-01.pdf
bdr:521894,1911-12,1911-12,,vol. 03,no. 002,"Vol. 3, No. 2",https://modjourn.org/issue/bdr521894/,https://repository.library.brown.edu/storage/bdr:951739/PDF/,No Copyright - United States,crisis_1911-12-01.pdf
bdr:521939,1912-01,1912-01,,vol. 03,no. 003,"Vol. 3, No. 3",https://modjourn.org/issue/bdr521939/,https://repository.library.brown.edu/storage/bdr:951958/PDF/,No Copyright - United States,crisis_1912-01-01.pdf
bdr:521984,1912-02,1912-02,,vol. 03,no. 004,"Vol. 3, No. 4",https://modjourn.org/issue/bdr521984/,https://repository.library.brown.edu/storage/bdr:951416/PDF/,No Copyright - United States,crisis_1912-02-01.pdf
bdr:522029,1912-03,1912-03,,vol. 03,no. 005,"Vol. 3, No. 5",https://modjourn.org/issue/bdr522029/,https://repository.library.brown.edu/storage/bdr:951400/PDF/,No Copyright - United States,crisis_1912-03-01.pdf
bdr:522074,1912-04,1912-04,,vol. 03,no. 006,"Vol. 3, No. 6",https://modjourn.org/issue/bdr522074/,https://repository.library.brown.edu/storage/bdr:951299/PDF/,No Copyright - United States,crisis_1912-04-01.pdf
bdr:520876,1912-05,1912-05,,vol. 04,no. 001,"Vol. 4, No. 1",https://modjourn.org/issue/bdr520876/,https://repository.library.brown.edu/storage/bdr:951488/PDF/,No Copyright - United States,crisis_1912-05-01.pdf
bdr:520605,1912-06,1912-06,,vol. 04,no. 002,"Vol. 4, No. 2",https://modjourn.org/issue/bdr520605/,https://repository.library.brown.edu/storage/bdr:951884/PDF/,No Copyright - United States,crisis_1912-06-01.pdf
bdr:520658,1912-07,1912-07,,vol. 04,no. 003,"Vol. 4, No. 3",https://modjourn.org/issue/bdr520658/,https://repository.library.brown.edu/storage/bdr:951657/PDF/,No Copyright - United States,crisis_1912-07-01.pdf
bdr:520711,1912-08,1912-08,,vol. 04,no. 004,"Vol. 4, No. 4",https://modjourn.org/issue/bdr520711/,https://repository.library.brown.edu/storage/bdr:951346/PDF/,No Copyright - United States,crisis_1912-08-01.pdf
bdr:520770,1912-09,1912-09,,vol. 04,no. 005,"Vol. 4, No. 5",https://modjourn.org/issue/bdr520770/,https://repository.library.brown.edu/storage/bdr:951599/PDF/,No Copyright - United States,crisis_1912-09-01.pdf
bdr:520823,1912-10,1912-10,,vol. 04,no. 006,"Vol. 4, No. 6",https://modjourn.org/issue/bdr520823/,https://repository.library.brown.edu/storage/bdr:951402/PDF/,No Copyright - United States,crisis_1912-10-01.pdf
bdr:520009,1912-11,1912-11,,vol. 05,no. 001,"Vol. 5, No. 1",https://modjourn.org/issue/bdr520009/,https://repository.library.brown.edu/storage/bdr:951860/PDF/,No Copyright - United States,crisis_1912-11-01.pdf
bdr:520062,1912-12,1912-12,,vol. 05,no. 002,"Vol. 5, No. 2",https://modjourn.org/issue/bdr520062/,https://repository.library.brown.edu/storage/bdr:951727/PDF/,No Copyright - United States,crisis_1912-12-01.pdf
bdr:520115,1913-01,1913-01,,vol. 05,no. 003,"Vol. 5, No. 3",https://modjourn.org/issue/bdr520115/,https://repository.library.brown.edu/storage/bdr:951709/PDF/,No Copyright - United States,crisis_1913-01-01.pdf
bdr:520168,1913-02,1913-02,,vol. 05,no. 004,"Vol. 5, No. 4",https://modjourn.org/issue/bdr520168/,https://repository.library.brown.edu/storage/bdr:951956/PDF/,No Copyright - United States,crisis_1913-02-01.pdf
bdr:520531,1913-03,1913-03,,vol. 05,no. 005,"Vol. 5, No. 5",https://modjourn.org/issue/bdr520531/,https://repository.library.brown.edu/storage/bdr:951721/PDF/,No Copyright - United States,crisis_1913-03-01.pdf
bdr:520221,1913-04,1913-04,,vol. 05,no. 006,"Vol. 5, No. 6",https://modjourn.org/issue/bdr520221/,https://repository.library.brown.edu/storage/bdr:951354/PDF/,No Copyright - United States,crisis_1913-04-01.pdf
bdr:517410,1913-05,1913-05,,vol. 06,no. 001,"Vol. 6, No. 1",https://modjourn.org/issue/bdr517410/,https://repository.library.brown.edu/storage/bdr:951780/PDF/,No Copyright - United States,crisis_1913-05-01.pdf
bdr:517463,1913-06,1913-06,,vol. 06,no. 002,"Vol. 6, No. 2",https://modjourn.org/issue/bdr517463/,https://repository.library.brown.edu/storage/bdr:951656/PDF/,No Copyright - United States,crisis_1913-06-01.pdf
bdr:518150,1913-07,1913-07,,vol. 06,no. 003,"Vol. 6, No. 3",https://modjourn.org/issue/bdr518150/,https://repository.library.brown.edu/storage/bdr:951611/PDF/,No Copyright - United States,crisis_1913-07-01.pdf
bdr:518203,1913-08,1913-08,,vol. 06,no. 004,"Vol. 6, No. 4",https://modjourn.org/issue/bdr518203/,https://repository.library.brown.edu/storage/bdr:951942/PDF/,No Copyright - United States,crisis_1913-08-01.pdf
bdr:517516,1913-09,1913-09,,vol. 06,no. 005,"Vol. 6, No. 5",https://modjourn.org/issue/bdr517516/,https://repository.library.brown.edu/storage/bdr:951731/PDF/,No Copyright - United States,crisis_1913-09-01.pdf
bdr:517569,1913-10,1913-10,,vol. 06,no. 006,"Vol. 6, No. 6",https://modjourn.org/issue/bdr517569/,https://repository.library.brown.edu/storage/bdr:951248/PDF/,No Copyright - United States,crisis_1913-10-01.pdf
bdr:517622,1913-11,1913-11,,vol. 07,no. 001,"Vol. 7, No. 1",https://modjourn.org/issue/bdr517622/,https://repository.library.brown.edu/storage/bdr:951418/PDF/,No Copyright - United States,crisis_1913-11-01.pdf
bdr:517675,1913-12,1913-12,,vol. 07,no. 002,"Vol. 7, No. 2",https://modjourn.org/issue/bdr517675/,https://repository.library.brown.edu/storage/bdr:951661/PDF/,No Copyright - United States,crisis_1913-12-01.pdf
bdr:517728,1914-01,1914-01,,vol. 07,no. 003,"Vol. 7, No. 3",https://modjourn.org/issue/bdr517728/,https://repository.library.brown.edu/storage/bdr:951342/PDF/,No Copyright - United States,crisis_1914-01-01.pdf
bdr:517781,1914-02,1914-02,,vol. 07,no. 004,"Vol. 7, No. 4",https://modjourn.org/issue/bdr517781/,https://repository.library.brown.edu/storage/bdr:951830/PDF/,No Copyright - United States,crisis_1914-02-01.pdf
bdr:517834,1914-03,1914-03,,vol. 07,no. 005,"Vol. 7, No. 5",https://modjourn.org/issue/bdr517834/,https://repository.library.brown.edu/storage/bdr:951615/PDF/,No Copyright - United States,crisis_1914-03-01.pdf
bdr:517887,1914-04,1914-04,,vol. 07,no. 006,"Vol. 7, No. 6",https://modjourn.org/issue/bdr517887/,https://repository.library.brown.edu/storage/bdr:951673/PDF/,No Copyright - United States,crisis_1914-04-01.pdf
bdr:519021,1914-05,1914-05,,vol. 08,no. 001,"Vol. 8, No. 1",https://modjourn.org/issue/bdr519021/,https://repository.library.brown.edu/storage/bdr:951720/PDF/,No Copyright - United States,crisis_1914-05-01.pdf
bdr:519074,1914-06,1914-06,,vol. 08,no. 002,"Vol. 8, No. 2",https://modjourn.org/issue/bdr519074/,https://repository.library.brown.edu/storage/bdr:951646/PDF/,No Copyright - United States,crisis_1914-06-01.pdf
bdr:519127,1914-07,1914-07,,vol. 08,no. 003,"Vol. 8, No. 3",https://modjourn.org/issue/bdr519127/,https://repository.library.brown.edu/storage/bdr:951963/PDF/,No Copyright - United States,crisis_1914-07-01.pdf
bdr:519180,1914-08,1914-08,,vol. 08,no. 004,"Vol. 8, No. 4",https://modjourn.org/issue/bdr519180/,https://repository.library.brown.edu/storage/bdr:951971/PDF/,No Copyright - United States,crisis_1914-08-01.pdf
bdr:519233,1914-09,1914-09,,vol. 08,no. 005,"Vol. 8, No. 5",https://modjourn.org/issue/bdr519233/,https://repository.library.brown.edu/storage/bdr:951920/PDF/,No Copyright - United States,crisis_1914-09-01.pdf
bdr:519286,1914-10,1914-10,,vol. 08,no. 006,"Vol. 8, No. 6",https://modjourn.org/issue/bdr519286/,https://repository.library.brown.edu/storage/bdr:951832/PDF/,No Copyright - United States,crisis_1914-10-01.pdf
bdr:519339,1914-11,1914-11,,vol. 09,no. 001,"Vol. 9, No. 1",https://modjourn.org/issue/bdr519339/,https://repository.library.brown.edu/storage/bdr:951300/PDF/,No Copyright - United States,crisis_1914-11-01.pdf
bdr:519392,1914-12,1914-12,,vol. 09,no. 002,"Vol. 9, No. 2",https://modjourn.org/issue/bdr519392/,https://repository.library.brown.edu/storage/bdr:951353/PDF/,No Copyright - United States,crisis_1914-12-01.pdf
bdr:519445,1915-01,1915-01,,vol. 09,no. 003,"Vol. 9, No. 3",https://modjourn.org/issue/bdr519445/,https://repository.library.brown.edu/storage/bdr:951480/PDF/,No Copyright - United States,crisis_1915-01-01.pdf
bdr:519498,1915-02,1915-02,,vol. 09,no. 004,"Vol. 9, No. 4",https://modjourn.org/issue/bdr519498/,https://repository.library.brown.edu/storage/bdr:951500/PDF/,No Copyright - United States,crisis_1915-02-01.pdf
bdr:519551,1915-03,1915-03,,vol. 09,no. 005,"Vol. 9, No. 5",https://modjourn.org/issue/bdr519551/,https://repository.library.brown.edu/storage/bdr:951276/PDF/,No Copyright - United States,crisis_1915-03-01.pdf
bdr:519604,1915-04,1915-04,,vol. 09,no. 006,"Vol. 9, No. 6",https://modjourn.org/issue/bdr519604/,https://repository.library.brown.edu/storage/bdr:951352/PDF/,No Copyright - United States,crisis_1915-04-01.pdf
bdr:507995,1915-05,1915-05,,vol. 10,no. 001,"Vol. 10, No. 1",https://modjourn.org/issue/bdr507995/,https://repository.library.brown.edu/storage/bdr:951590/PDF/,No Copyright - United States,crisis_1915-05-01.pdf
bdr:508048,1915-06,1915-06,,vol. 10,no. 002,"Vol. 10, No. 2",https://modjourn.org/issue/bdr508048/,https://repository.library.brown.edu/storage/bdr:951267/PDF/,No Copyright - United States,crisis_1915-06-01.pdf
bdr:508101,1915-07,1915-07,,vol. 10,no. 003,"Vol. 10, No. 3",https://modjourn.org/issue/bdr508101/,https://repository.library.brown.edu/storage/bdr:951435/PDF/,No Copyright - United States,crisis_1915-07-01.pdf
bdr:508154,1915-08,1915-08,,vol. 10,no. 004,"Vol. 10, No. 4",https://modjourn.org/issue/bdr508154/,https://repository.library.brown.edu/storage/bdr:951316/PDF/,No Copyright - United States,crisis_1915-08-01.pdf
bdr:508207,1915-09,1915-09,,vol. 10,no. 005,"Vol. 10, No. 5",https://modjourn.org/issue/bdr508207/,https://repository.library.brown.edu/storage/bdr:951904/PDF/,No Copyright - United States,crisis_1915-09-01.pdf
bdr:508260,1915-10,1915-10,,vol. 10,no. 006,"Vol. 10, No. 6",https://modjourn.org/issue/bdr508260/,https://repository.library.brown.edu/storage/bdr:951515/PDF/,No Copyright - United States,crisis_1915-10-01.pdf
bdr:508313,1915-11,1915-11,,vol. 11,no. 001,"Vol. 11, No. 1",https://modjourn.org/issue/bdr508313/,https://repository.library.brown.edu/storage/bdr:951609/PDF/,No Copyright - United States,crisis_1915-11-01.pdf
bdr:508366,1915-12,1915-12,,vol. 11,no. 002,"Vol. 11, No. 2",https://modjourn.org/issue/bdr508366/,https://repository.library.brown.edu/storage/bdr:951811/PDF/,No Copyright - United States,crisis_1915-12-01.pdf
bdr:508419,1916-01,1916-01,,vol. 11,no. 003,"Vol. 11, No. 3",https://modjourn.org/issue/bdr508419/,https://repository.library.brown.edu/storage/bdr:951254/PDF/,No Copyright - United States,crisis_1916-01-01.pdf
bdr:508472,1916-02,1916-02,,vol. 11,no. 004,"Vol. 11, No. 4",https://modjourn.org/issue/bdr508472/,https://repository.library.brown.edu/storage/bdr:951373/PDF/,No Copyright - United States,crisis_1916-02-01.pdf
bdr:508525,1916-03,1916-03,,vol. 11,no. 005,"Vol. 11, No. 5",https://modjourn.org/issue/bdr508525/,https://repository.library.brown.edu/storage/bdr:951426/PDF/,No Copyright - United States,crisis_1916-03-01.pdf
bdr:508594,1916-04,1916-04,,vol. 11,no. 006,"Vol. 11, No. 6",https://modjourn.org/issue/bdr508594/,https://repository.library.brown.edu/storage/bdr:951606/PDF/,No Copyright - United States,crisis_1916-04-01.pdf
bdr:509928,1916-05,1916-06,"MJP dates Vol. 12, No. 1 as 1916-06; it is May 1916",vol. 12,no. 001,"Vol. 12, No. 1",https://modjourn.org/issue/bdr509928/,https://repository.library.brown.edu/storage/bdr:951643/PDF/,No Copyright - United States,crisis_1916-05-01.pdf
bdr:509981,1916-06,1916-06,,vol. 12,no. 002,"Vol. 12, No. 2",https://modjourn.org/issue/bdr509981/,https://repository.library.brown.edu/storage/bdr:951593/PDF/,No Copyright - United States,crisis_1916-06-01.pdf
bdr:510034,1916-07,1916-07,,vol. 12,no. 003,"Vol. 12, No. 3",https://modjourn.org/issue/bdr510034/,https://repository.library.brown.edu/storage/bdr:951261/PDF/,No Copyright - United States,crisis_1916-07-01.pdf
bdr:510193,1916-07,1916-07,"Supplement, July 1916: 'The Waco Horror'",vol. 12,no. 003,"Vol. 12, No. 3",https://modjourn.org/issue/bdr510193/,https://repository.library.brown.edu/storage/bdr:951474/PDF/,No Copyright - United States,crisis_1916-07-01_supplement.pdf
bdr:510202,1916-08,1916-08,,vol. 12,no. 004,"Vol. 12, No. 4",https://modjourn.org/issue/bdr510202/,https://repository.library.brown.edu/storage/bdr:951707/PDF/,No Copyright - United States,crisis_1916-08-01.pdf
bdr:510087,1916-09,1916-09,,vol. 12,no. 005,"Vol. 12, No. 5",https://modjourn.org/issue/bdr510087/,https://repository.library.brown.edu/storage/bdr:951326/PDF/,No Copyright - United States,crisis_1916-09-01.pdf
bdr:510140,1916-10,1916-10,,vol. 12,no. 006,"Vol. 12, No. 6",https://modjourn.org/issue/bdr510140/,https://repository.library.brown.edu/storage/bdr:951803/PDF/,No Copyright - United States,crisis_1916-10-01.pdf
bdr:510255,1916-11,1916-11,,vol. 13,no. 001,"Vol. 13, No. 1",https://modjourn.org/issue/bdr510255/,https://repository.library.brown.edu/storage/bdr:951826/PDF/,No Copyright - United States,crisis_1916-11-01.pdf
bdr:510308,1916-12,1916-12,,vol. 13,no. 002,"Vol. 13, No. 2",https://modjourn.org/issue/bdr510308/,https://repository.library.brown.edu/storage/bdr:951644/PDF/,No Copyright - United States,crisis_1916-12-01.pdf
bdr:510361,1917-01,1917-01,,vol. 13,no. 003,"Vol. 13, No. 3",https://modjourn.org/issue/bdr510361/,https://repository.library.brown.edu/storage/bdr:951404/PDF/,No Copyright - United States,crisis_1917-01-01.pdf
bdr:510414,1917-02,1917-02,,vol. 13,no. 004,"Vol. 13, No. 4",https://modjourn.org/issue/bdr510414/,https://repository.library.brown.edu/storage/bdr:951566/PDF/,No Copyright - United States,crisis_1917-02-01.pdf
bdr:510467,1917-03,1917-03,,vol. 13,no. 005,"Vol. 13, No. 5",https://modjourn.org/issue/bdr510467/,https://repository.library.brown.edu/storage/bdr:951292/PDF/,No Copyright - United States,crisis_1917-03-01.pdf
bdr:510520,1917-04,1917-04,,vol. 13,no. 006,"Vol. 13, No. 6",https://modjourn.org/issue/bdr510520/,https://repository.library.brown.edu/storage/bdr:951576/PDF/,No Copyright - United States,crisis_1917-04-01.pdf
bdr:510573,1917-05,1917-05,,vol. 14,no. 001,"Vol. 14, No. 1",https://modjourn.org/issue/bdr510573/,https://repository.library.brown.edu/storage/bdr:951756/PDF/,No Copyright - United States,crisis_1917-05-01.pdf
bdr:510626,1917-06,1917-06,,vol. 14,no. 002,"Vol. 14, No. 2",https://modjourn.org/issue/bdr510626/,https://repository.library.brown.edu/storage/bdr:951624/PDF/,No Copyright - United States,crisis_1917-06-01.pdf
bdr:510679,1917-07,1917-07,,vol. 14,no. 003,"Vol. 14, No. 3",https://modjourn.org/issue/bdr510679/,https://repository.library.brown.edu/storage/bdr:951801/PDF/,No Copyright - United States,crisis_1917-07-01.pdf
bdr:510907,1917-07,1917-05,"Supplement, July 1917 (Memphis); MJP dates it 1917-05",vol. 14,no. 003,"Vol. 14, No. 3",https://modjourn.org/issue/bdr510907/,https://repository.library.brown.edu/storage/bdr:951449/PDF/,No Copyright - United States,crisis_1917-07-01_supplement.pdf
bdr:510732,1917-08,1917-08,,vol. 14,no. 004,"Vol. 14, No. 4",https://modjourn.org/issue/bdr510732/,https://repository.library.brown.edu/storage/bdr:951800/PDF/,No Copyright - United States,crisis_1917-08-01.pdf
bdr:510785,1917-09,1917-09,,vol. 14,no. 005,"Vol. 14, No. 5",https://modjourn.org/issue/bdr510785/,https://repository.library.brown.edu/storage/bdr:951984/PDF/,No Copyright - United States,crisis_1917-09-01.pdf
bdr:510854,1917-10,1917-10,,vol. 14,no. 006,"Vol. 14, No. 6",https://modjourn.org/issue/bdr510854/,https://repository.library.brown.edu/storage/bdr:951745/PDF/,No Copyright - United States,crisis_1917-10-01.pdf
bdr:510912,1917-11,1917-11,,vol. 15,no. 001,"Vol. 15, No. 1",https://modjourn.org/issue/bdr510912/,https://repository.library.brown.edu/storage/bdr:951923/PDF/,No Copyright - United States,crisis_1917-11-01.pdf
bdr:510965,1917-12,1917-12,,vol. 15,no. 002,"Vol. 15, No. 2",https://modjourn.org/issue/bdr510965/,https://repository.library.brown.edu/storage/bdr:951567/PDF/,No Copyright - United States,crisis_1917-12-01.pdf
bdr:511018,1918-01,1918-01,,vol. 15,no. 003,"Vol. 15, No. 3",https://modjourn.org/issue/bdr511018/,https://repository.library.brown.edu/storage/bdr:951351/PDF/,No Copyright - United States,crisis_1918-01-01.pdf
bdr:511071,1918-02,1918-02,,vol. 15,no. 004,"Vol. 15, No. 4",https://modjourn.org/issue/bdr511071/,https://repository.library.brown.edu/storage/bdr:951978/PDF/,No Copyright - United States,crisis_1918-02-01.pdf
bdr:511124,1918-03,1918-03,,vol. 15,no. 005,"Vol. 15, No. 5",https://modjourn.org/issue/bdr511124/,https://repository.library.brown.edu/storage/bdr:951482/PDF/,No Copyright - United States,crisis_1918-03-01.pdf
bdr:511177,1918-04,1918-04,,vol. 15,no. 006,"Vol. 15, No. 6",https://modjourn.org/issue/bdr511177/,https://repository.library.brown.edu/storage/bdr:951645/PDF/,No Copyright - United States,crisis_1918-04-01.pdf
bdr:511230,1918-05,1918-05,,vol. 16,no. 001,"Vol. 16, No. 1",https://modjourn.org/issue/bdr511230/,https://repository.library.brown.edu/storage/bdr:951424/PDF/,No Copyright - United States,crisis_1918-05-01.pdf
bdr:511283,1918-06,1918-06,,vol. 16,no. 002,"Vol. 16, No. 2",https://modjourn.org/issue/bdr511283/,https://repository.library.brown.edu/storage/bdr:951694/PDF/,No Copyright - United States,crisis_1918-06-01.pdf
bdr:511336,1918-07,1918-07,,vol. 16,no. 003,"Vol. 16, No. 3",https://modjourn.org/issue/bdr511336/,https://repository.library.brown.edu/storage/bdr:951933/PDF/,No Copyright - United States,crisis_1918-07-01.pdf
bdr:511389,1918-08,1918-08,,vol. 16,no. 004,"Vol. 16, No. 4",https://modjourn.org/issue/bdr511389/,https://repository.library.brown.edu/storage/bdr:951725/PDF/,No Copyright - United States,crisis_1918-08-01.pdf
bdr:511442,1918-09,1918-09,,vol. 16,no. 005,"Vol. 16, No. 5",https://modjourn.org/issue/bdr511442/,https://repository.library.brown.edu/storage/bdr:951623/PDF/,No Copyright - United States,crisis_1918-09-01.pdf
bdr:511495,1918-10,1918-10,,vol. 16,no. 006,"Vol. 16, No. 6",https://modjourn.org/issue/bdr511495/,https://repository.library.brown.edu/storage/bdr:951785/PDF/,No Copyright - United States,crisis_1918-10-01.pdf
bdr:511548,1918-11,1918-11,,vol. 17,no. 001,"Vol. 17, No. 1",https://modjourn.org/issue/bdr511548/,https://repository.library.brown.edu/storage/bdr:951955/PDF/,No Copyright - United States,crisis_1918-11-01.pdf
bdr:511601,1918-12,1918-12,,vol. 17,no. 002,"Vol. 17, No. 2",https://modjourn.org/issue/bdr511601/,https://repository.library.brown.edu/storage/bdr:951665/PDF/,No Copyright - United States,crisis_1918-12-01.pdf
bdr:511654,1919-01,1919-01,,vol. 17,no. 003,"Vol. 17, No. 3",https://modjourn.org/issue/bdr511654/,https://repository.library.brown.edu/storage/bdr:951445/PDF/,No Copyright - United States,crisis_1919-01-01.pdf
bdr:511707,1919-02,1919-02,,vol. 17,no. 004,"Vol. 17, No. 4",https://modjourn.org/issue/bdr511707/,https://repository.library.brown.edu/storage/bdr:951386/PDF/,No Copyright - United States,crisis_1919-02-01.pdf
bdr:511760,1919-03,1919-03,,vol. 17,no. 005,"Vol. 17, No. 5",https://modjourn.org/issue/bdr511760/,https://repository.library.brown.edu/storage/bdr:951303/PDF/,No Copyright - United States,crisis_1919-03-01.pdf
bdr:511813,1919-04,1919-04,,vol. 17,no. 006,"Vol. 17, No. 6",https://modjourn.org/issue/bdr511813/,https://repository.library.brown.edu/storage/bdr:951572/PDF/,No Copyright - United States,crisis_1919-04-01.pdf
bdr:512264,1919-05,1919-05,,vol. 18,no. 001,"Vol. 18, No. 1",https://modjourn.org/issue/bdr512264/,https://repository.library.brown.edu/storage/bdr:951257/PDF/,No Copyright - United States,crisis_1919-05-01.pdf
bdr:512317,1919-06,1919-06,,vol. 18,no. 002,"Vol. 18, No. 2",https://modjourn.org/issue/bdr512317/,https://repository.library.brown.edu/storage/bdr:951944/PDF/,No Copyright - United States,crisis_1919-06-01.pdf
bdr:512386,1919-07,1919-07,,vol. 18,no. 003,"Vol. 18, No. 3",https://modjourn.org/issue/bdr512386/,https://repository.library.brown.edu/storage/bdr:951930/PDF/,No Copyright - United States,crisis_1919-07-01.pdf
bdr:512439,1919-08,1919-08,,vol. 18,no. 004,"Vol. 18, No. 4",https://modjourn.org/issue/bdr512439/,https://repository.library.brown.edu/storage/bdr:951753/PDF/,No Copyright - United States,crisis_1919-08-01.pdf
bdr:512492,1919-09,1919-09,,vol. 18,no. 005,"Vol. 18, No. 5",https://modjourn.org/issue/bdr512492/,https://repository.library.brown.edu/storage/bdr:951715/PDF/,No Copyright - United States,crisis_1919-09-01.pdf
bdr:512545,1919-10,1919-10,,vol. 18,no. 006,"Vol. 18, No. 6",https://modjourn.org/issue/bdr512545/,https://repository.library.brown.edu/storage/bdr:951919/PDF/,No Copyright - United States,crisis_1919-10-01.pdf
bdr:512598,1919-11,1919-11,,vol. 19,no. 001,"Vol. 19, No. 1",https://modjourn.org/issue/bdr512598/,https://repository.library.brown.edu/storage/bdr:951633/PDF/,No Copyright - United States,crisis_1919-11-01.pdf
bdr:512635,1919-12,1919-12,,vol. 19,no. 002,"Vol. 19, No. 2",https://modjourn.org/issue/bdr512635/,https://repository.library.brown.edu/storage/bdr:951393/PDF/,No Copyright - United States,crisis_1919-12-01.pdf
bdr:512704,1920-01,1920-01,,vol. 19,no. 003,"Vol. 19, No. 3",https://modjourn.org/issue/bdr512704/,https://repository.library.brown.edu/storage/bdr:951369/PDF/,No Copyright - United States,crisis_1920-01-01.pdf
bdr:512911,1920-02,1920-02,,vol. 19,no. 004,"Vol. 19, No. 4",https://modjourn.org/issue/bdr512911/,https://repository.library.brown.edu/storage/bdr:951387/PDF/,No Copyright - United States,crisis_1920-02-01.pdf
bdr:512773,1920-03,1920-03,,vol. 19,no. 005,"Vol. 19, No. 5",https://modjourn.org/issue/bdr512773/,https://repository.library.brown.edu/storage/bdr:951688/PDF/,No Copyright - United States,crisis_1920-03-01.pdf
bdr:512842,1920-04,1920-04,,vol. 19,no. 006,"Vol. 19, No. 6",https://modjourn.org/issue/bdr512842/,https://repository.library.brown.edu/storage/bdr:951796/PDF/,No Copyright - United States,crisis_1920-04-01.pdf
bdr:512980,1920-05,1920-05,,vol. 20,no. 001,"Vol. 20, No. 1",https://modjourn.org/issue/bdr512980/,https://repository.library.brown.edu/storage/bdr:951380/PDF/,No Copyright - United States,crisis_1920-05-01.pdf
bdr:513049,1920-06,1920-06,,vol. 20,no. 002,"Vol. 20, No. 2",https://modjourn.org/issue/bdr513049/,https://repository.library.brown.edu/storage/bdr:951814/PDF/,No Copyright - United States,crisis_1920-06-01.pdf
bdr:513102,1920-07,1920-07,,vol. 20,no. 003,"Vol. 20, No. 3",https://modjourn.org/issue/bdr513102/,https://repository.library.brown.edu/storage/bdr:951520/PDF/,No Copyright - United States,crisis_1920-07-01.pdf
bdr:513155,1920-08,1920-08,,vol. 20,no. 004,"Vol. 20, No. 4",https://modjourn.org/issue/bdr513155/,https://repository.library.brown.edu/storage/bdr:951323/PDF/,No Copyright - United States,crisis_1920-08-01.pdf
bdr:513208,1920-09,1920-09,,vol. 20,no. 005,"Vol. 20, No. 5",https://modjourn.org/issue/bdr513208/,https://repository.library.brown.edu/storage/bdr:951273/PDF/,No Copyright - United States,crisis_1920-09-01.pdf
bdr:513261,1920-10,1920-10,,vol. 20,no. 006,"Vol. 20, No. 6",https://modjourn.org/issue/bdr513261/,https://repository.library.brown.edu/storage/bdr:951512/PDF/,No Copyright - United States,crisis_1920-10-01.pdf
bdr:513314,1920-11,1920-11,,vol. 21,no. 001,"Vol. 21, No. 1",https://modjourn.org/issue/bdr513314/,https://repository.library.brown.edu/storage/bdr:951762/PDF/,No Copyright - United States,crisis_1920-11-01.pdf
bdr:513367,1920-12,1920-12,,vol. 21,no. 002,"Vol. 21, No. 2",https://modjourn.org/issue/bdr513367/,https://repository.library.brown.edu/storage/bdr:951293/PDF/,No Copyright - United States,crisis_1920-12-01.pdf
bdr:513420,1921-01,1921-01,,vol. 21,no. 003,"Vol. 21, No. 3",https://modjourn.org/issue/bdr513420/,https://repository.library.brown.edu/storage/bdr:951968/PDF/,No Copyright - United States,crisis_1921-01-01.pdf
bdr:513473,1921-02,1921-02,,vol. 21,no. 004,"Vol. 21, No. 4",https://modjourn.org/issue/bdr513473/,https://repository.library.brown.edu/storage/bdr:951957/PDF/,No Copyright - United States,crisis_1921-02-01.pdf
bdr:513526,1921-03,1921-03,,vol. 21,no. 005,"Vol. 21, No. 5",https://modjourn.org/issue/bdr513526/,https://repository.library.brown.edu/storage/bdr:951552/PDF/,No Copyright - United States,crisis_1921-03-01.pdf
bdr:513579,1921-04,1921-04,,vol. 21,no. 006,"Vol. 21, No. 6",https://modjourn.org/issue/bdr513579/,https://repository.library.brown.edu/storage/bdr:951454/PDF/,No Copyright - United States,crisis_1921-04-01.pdf
bdr:513632,1921-05,1921-05,,vol. 22,no. 001,"Vol. 22, No. 1",https://modjourn.org/issue/bdr513632/,https://repository.library.brown.edu/storage/bdr:951487/PDF/,No Copyright - United States,crisis_1921-05-01.pdf
bdr:513685,1921-06,1921-06,,vol. 22,no. 002,"Vol. 22, No. 2",https://modjourn.org/issue/bdr513685/,https://repository.library.brown.edu/storage/bdr:951628/PDF/,No Copyright - United States,crisis_1921-06-01.pdf
bdr:513738,1921-07,1921-07,,vol. 22,no. 003,"Vol. 22, No. 3",https://modjourn.org/issue/bdr513738/,https://repository.library.brown.edu/storage/bdr:951695/PDF/,No Copyright - United States,crisis_1921-07-01.pdf
bdr:513791,1921-08,1921-08,,vol. 22,no. 004,"Vol. 22, No. 4",https://modjourn.org/issue/bdr513791/,https://repository.library.brown.edu/storage/bdr:951597/PDF/,No Copyright - United States,crisis_1921-08-01.pdf
bdr:513844,1921-09,1921-09,,vol. 22,no. 005,"Vol. 22, No. 5",https://modjourn.org/issue/bdr513844/,https://repository.library.brown.edu/storage/bdr:951376/PDF/,No Copyright - United States,crisis_1921-09-01.pdf
bdr:513897,1921-10,1921-10,,vol. 22,no. 006,"Vol. 22, No. 6",https://modjourn.org/issue/bdr513897/,https://repository.library.brown.edu/storage/bdr:951331/PDF/,No Copyright - United States,crisis_1921-10-01.pdf
bdr:513950,1921-11,1921-11,,vol. 23,no. 001,"Vol. 23, No. 1",https://modjourn.org/issue/bdr513950/,https://repository.library.brown.edu/storage/bdr:951718/PDF/,No Copyright - United States,crisis_1921-11-01.pdf
bdr:514003,1921-12,1921-12,,vol. 23,no. 002,"Vol. 23, No. 2",https://modjourn.org/issue/bdr514003/,https://repository.library.brown.edu/storage/bdr:951545/PDF/,No Copyright - United States,crisis_1921-12-01.pdf
bdr:514056,1922-01,1922-01,,vol. 23,no. 003,"Vol. 23, No. 3",https://modjourn.org/issue/bdr514056/,https://repository.library.brown.edu/storage/bdr:951642/PDF/,No Copyright - United States,crisis_1922-01-01.pdf
bdr:514105,1922-02,1922-02,,vol. 23,no. 004,"Vol. 23, No. 4",https://modjourn.org/issue/bdr514105/,https://repository.library.brown.edu/storage/bdr:951898/PDF/,No Copyright - United States,crisis_1922-02-01.pdf
bdr:514154,1922-03,1922-03,,vol. 23,no. 005,"Vol. 23, No. 5",https://modjourn.org/issue/bdr514154/,https://repository.library.brown.edu/storage/bdr:951909/PDF/,No Copyright - United States,crisis_1922-03-01.pdf
bdr:514203,1922-04,1922-04,,vol. 23,no. 006,"Vol. 23, No. 6",https://modjourn.org/issue/bdr514203/,https://repository.library.brown.edu/storage/bdr:951246/PDF/,No Copyright - United States,crisis_1922-04-01.pdf
bdr:521457,1922-05,1922-05,,vol. 24,no. 001,"Vol. 24, No. 1",https://modjourn.org/issue/bdr521457/,https://repository.library.brown.edu/storage/bdr:951943/PDF/,No Copyright - United States,crisis_1922-05-01.pdf
bdr:521506,1922-06,1922-06,,vol. 24,no. 002,"Vol. 24, No. 2",https://modjourn.org/issue/bdr521506/,https://repository.library.brown.edu/storage/bdr:951924/PDF/,No Copyright - United States,crisis_1922-06-01.pdf
bdr:521555,1922-07,1922-07,,vol. 24,no. 003,"Vol. 24, No. 3",https://modjourn.org/issue/bdr521555/,https://repository.library.brown.edu/storage/bdr:951502/PDF/,No Copyright - United States,crisis_1922-07-01.pdf
bdr:521604,1922-08,1922-08,,vol. 24,no. 004,"Vol. 24, No. 4",https://modjourn.org/issue/bdr521604/,https://repository.library.brown.edu/storage/bdr:951467/PDF/,No Copyright - United States,crisis_1922-08-01.pdf
bdr:521653,1922-09,1922-09,,vol. 24,no. 005,"Vol. 24, No. 5",https://modjourn.org/issue/bdr521653/,https://repository.library.brown.edu/storage/bdr:951778/PDF/,No Copyright - United States,crisis_1922-09-01.pdf
bdr:521702,1922-10,1922-10,,vol. 24,no. 006,"Vol. 24, No. 6",https://modjourn.org/issue/bdr521702/,https://repository.library.brown.edu/storage/bdr:951359/PDF/,No Copyright - United States,crisis_1922-10-01.pdf
bdr:521751,1922-11,1922-11,,vol. 25,no. 001,"Vol. 25, No. 1",https://modjourn.org/issue/bdr521751/,https://repository.library.brown.edu/storage/bdr:951305/PDF/,No Copyright - United States,crisis_1922-11-01.pdf
bdr:521800,1922-12,1922-12,,vol. 25,no. 002,"Vol. 25, No. 2",https://modjourn.org/issue/bdr521800/,https://repository.library.brown.edu/storage/bdr:951921/PDF/,No Copyright - United States,crisis_1922-12-01.pdf
